Post id,Date,Post text,Link,Impressions,Likes,Engagements,Bookmarks,Share,New follows,Replies,Reposts,Profile visits,Detail expands,Url clicks,Hashtag clicks,Permalink clicks
1891564128784855141,Mon Feb 17 2025,"Faltam 2 dias para a LIVE da Worm! A @wormhole estÃ¡ oficialmente debutando no Brasil, e vamos celebrar com uma live histÃ³rica! Estrelando nessa live dois nomes de peso do mercado: @victor__alfa e @sincero_crypto ! JÃ¡ anota: â—ï¸19/02 as 18:00 aqui no X https://t.co/UmUVIP65gF",https://x.com/Wormhole_BR/status/1891564128784855141,70,3,3,1,0,0,0,0,0,0,0,0,0
1891472667636797659,Mon Feb 17 2025,"Quem Ã© o ZÃ©, nosso famoso @sincero_crypto ! Esse Ã© outro gigante do cenÃ¡rio brasileiro que estarÃ¡ conosco na nossa LIVE de lanÃ§amento dia 19/02 as 18:00 aqui no X! Fundador da ID Labs e pioneiro em AirDrops, tendo conquistado mais de 200 nos Ãºltimos cinco anos e acumulado sete https://t.co/75JzBZLkNG",https://x.com/Wormhole_BR/status/1891472667636797659,197,10,29,0,0,0,1,0,5,13,0,0,0
1891462562111262879,Mon Feb 17 2025,"gworm! O Programa de Recompensas de Staking do Wormhole (SRP) PerÃ­odo 2 estÃ¡ em andamento para todos os detentores de W nas redes @solana, @ethereum, @arbitrum, @base e @Optimism. FaÃ§a o staking do seu W para GovernanÃ§a agora: https://t.co/9z4rpNCMCj â¬‡ï¸",https://x.com/Wormhole_BR/status/1891462562111262879,91,3,6,0,0,0,0,1,0,2,0,0,0
1890888647437930614,Sat Feb 15 2025,"Apresentando https://t.co/0z44H8fmxf â€” um evento de um dia que conecta instituiÃ§Ãµes e gestores de ativos com os lÃ­deres em tokenizaÃ§Ã£o de ativos digitais, organizado por @Securitize e @wormhole . 17 de marÃ§o, The Times Center, NYC. Inscreva-se para participar â¤µï¸",https://x.com/Wormhole_BR/status/1890888647437930614,96,5,7,0,0,0,0,1,1,0,0,0,0
1890477864090247290,Fri Feb 14 2025,"https://t.co/gQzzDdeFJJ Simplesmente, @wormhole !",https://x.com/Wormhole_BR/status/1890477864090247290,54,2,5,0,0,0,0,0,0,2,0,0,0
1890403729263690060,Fri Feb 14 2025,"@portalbridge_ @wormhole W",https://x.com/Wormhole_BR/status/1890403729263690060,52,0,0,0,0,0,0,0,0,0,0,0,0
1890403648406012332,Fri Feb 14 2025,"Wormhole &lt;3",https://x.com/Wormhole_BR/status/1890403648406012332,45,1,1,0,0,0,0,0,0,0,0,0,0
1890389028265971929,Fri Feb 14 2025,"VocÃª jÃ¡ se perguntou como a comunicaÃ§Ã£o entre blockchains funciona de forma segura e eficiente? Vamos falar sobre Payloads e como eles ajudam na integraÃ§Ã£o multichain, garantindo que tudo seja consistente e seguro. - O que Ã© um #Payload? Um payload Ã© basicamente um pacote de https://t.co/YriKra8iGp",https://x.com/Wormhole_BR/status/1890389028265971929,49,3,5,0,0,0,0,0,1,1,0,0,0
1890089527055880246,Thu Feb 13 2025,"https://t.co/19VpDnanAb Solayer ğŸ¤ Wormhole ğŸ¤ Mayan Apresentamos o novo fluxo de depÃ³sito cross-chain da @solayer_labs, permitindo acesso simplificado ao $sUSD com um fluxo otimizado. O $sUSD Ã© a primeira stablecoin com rendimento na @solana, lastreada em dÃ³lares e garantida",https://x.com/Wormhole_BR/status/1890089527055880246,88,5,13,0,0,0,0,0,3,5,0,0,0
1890023127687819566,Thu Feb 13 2025,"Quem Ã© @victor__alfa ? Alfa Ã© o nosso convidado para a LIVE de lanÃ§amento da @wormhole no Brasil no dia 19/02 as 18:00 aqui no X! Ele economista formado pela UFF, com pÃ³s-graduaÃ§Ã£o em FinanÃ§as pela FGV, alÃ©m de programador com formaÃ§Ã£o em AnÃ¡lise e Desenvolvimento de Sistemas e https://t.co/TSoxVG2mO3",https://x.com/Wormhole_BR/status/1890023127687819566,514,22,55,1,0,4,1,5,8,15,0,0,0
1890003163815743490,Thu Feb 13 2025,"NÃ³s estamos: - Tokenizando tudo - Nativamente multichain Ativos sob gestÃ£o tokenizados (MTA) atualmente: $677 milhÃµes Via @BlackRock $BUIDL &amp; @apolloglobal $ACRED em parceria com @Securitize Acelere!",https://x.com/Wormhole_BR/status/1890003163815743490,131,4,6,0,0,0,0,1,0,1,0,0,0
1889642044521628052,Wed Feb 12 2025,"@wormhole BRASIL CHEGOU! Chegou a hora de abrir o portal! ğŸ“19/02 | 18h BRT Teremos a LIVE DE LANÃ‡AMENTO DA WORMHOLE BRASIL, com convidados de PESO para falar tudo sobre esse ecossistema que estÃ¡ revolucionando a #blockchain! ğŸ”¥ PresenÃ§as confirmadas: ğŸ—£ï¸ @victor__alfa - https://t.co/A6vigtfQl2",https://x.com/Wormhole_BR/status/1889642044521628052,659,18,100,0,0,8,3,9,5,50,4,0,0
1889408520790925341,Tue Feb 11 2025,"Os protocolos da Unichain poderÃ£o implementar essa funcionalidade, permitindo que seus usuÃ¡rios movimentem USDC nativo de forma fluida entre diferentes redes. O Wormhole Connect simplifica a integraÃ§Ã£o do CCTP para desenvolvedores, trazendo transferÃªncias nativas de USDC",https://x.com/Wormhole_BR/status/1889408520790925341,75,5,5,0,0,0,0,0,0,0,0,0,0
1889408518069080418,Tue Feb 11 2025,"https://t.co/UQKod8Jpts Wormhole integrou o Cross-Chain Transfer Protocol (CCTP) da @Circle na Unichain. Desenvolvedores que constroem na @unichain agora podem integrar transferÃªncias nativas de USDC diretamente na interface de seus dApps com apenas 3 linhas de cÃ³digo.",https://x.com/Wormhole_BR/status/1889408518069080418,165,9,30,0,2,1,2,3,2,12,0,0,0
1888999365194248197,Mon Feb 10 2025,"@Claramente23223 @wormhole https://t.co/r4xyAPs6KE",https://x.com/Wormhole_BR/status/1888999365194248197,15,0,0,0,0,0,0,0,0,0,0,0,0
1888996489701241199,Mon Feb 10 2025,"@portalbridge_ @wormhole https://t.co/yjLgJcyEzh",https://x.com/Wormhole_BR/status/1888996489701241199,17,1,5,0,0,0,0,0,0,4,0,0,0
1888937714378023105,Mon Feb 10 2025,"ğŸ§µ Como criar uma experiÃªncia de usuÃ¡rio fluida em dApps com React e Wormhole SDK Se vocÃª trabalha com dApps, sabe que a experiÃªncia do usuÃ¡rio pode ser um desafio. Hoje, vamos explorar como combinar React com o Wormhole SDK para criar interfaces dinÃ¢micas e seguras, que mantÃªm https://t.co/lPCsFXWiHl",https://x.com/Wormhole_BR/status/1888937714378023105,250,13,44,0,0,0,3,3,5,18,0,0,0
1888931622117908612,Mon Feb 10 2025,"Saiba mais sobre as primeiras recompensas do Wormhole Staking Rewards Program no link abaixo ğŸ‘‡ https://t.co/hHi4yvRVN4",https://x.com/Wormhole_BR/status/1888931622117908612,34,4,4,0,0,0,0,0,0,0,0,0,0
1888931617747481076,Mon Feb 10 2025,"Mais de 58.000 endereÃ§os se qualificaram para recompensas no PerÃ­odo 1 do SRP. As primeiras recompensas do Wormhole Staking Rewards Program (SRP) jÃ¡ estÃ£o disponÃ­veis para os detentores elegÃ­veis de W reivindicarem via W Dashboard. O SRP2 estÃ¡ ativo e apenas comeÃ§ando! FaÃ§a",https://x.com/Wormhole_BR/status/1888931617747481076,86,4,5,0,0,0,1,0,0,0,0,0,0
1888914029357269302,Mon Feb 10 2025,"ğŸ‡§ğŸ‡· AlÃ´ Brasilâœ¨ A @Wormhole estÃ¡ chegando ao Brasil! Agora a Wormhole fala Brasil com ""S"". A maior infraestrutura de interoperabilidade do mundo agora estÃ¡ aterrissando por aqui! Fique ligado aqui com a gente, pois novidades estÃ£o a caminho.... https://t.co/mfLV9wv0j9",https://x.com/Wormhole_BR/status/1888914029357269302,629,23,60,0,2,2,2,2,18,12,0,0,0
1887870986311331964,Fri Feb 07 2025,"ğŸ‡§ğŸ‡·ALÃ”, BRASIL!ğŸ‡§ğŸ‡· A @wormhole tÃ¡ chegando com tudo! E estamos chegando com tudo em terras Tupiniquins! A Wormhole agora fala: ""ConheÃ§o mais nÃ£o sei quem Ã©"", ""TÃ¡ osso"", ""Segurar vela"" e muito mais! A Wormhole Ã© #BraSil! Com ""S""! Fiquem ligados... que isso Ã© sÃ³ o comeÃ§o!",https://x.com/Wormhole_BR/status/1887870986311331964,0,0,0,0,0,0,0,0,0,0,0,0,0
1887866722172187086,Fri Feb 07 2025,"ALÃ”, BRASIL!ğŸ‡§ğŸ‡· A @wormhole tÃ¡ chegando com tudo! E estamos chegando com tudo em terras Tupiniquins! A Wormhole agora fala: ""ConheÃ§o mais nÃ£o sei quem Ã©"", ""TÃ¡ osso"", Segurar vela"" e muito mais! A Wormhole Ã© #BraSil! Com ""S""! Fiquem ligados... que isso Ã© sÃ³ o comeÃ§o!",https://x.com/Wormhole_BR/status/1887866722172187086,0,0,0,0,0,0,0,0,0,0,0,0,0
1887835954976813357,Fri Feb 07 2025,"Explore as incrÃ­veis funcionalidades da @wormhole e aprenda a construir com essas demos e exemplos de integraÃ§Ã£o multichain! ğŸŒ‰ Demos e Exemplos: oferece uma variedade de demonstraÃ§Ãµes que mostram como ele facilita transferÃªncias de tokens, aplicativos multichain e protocolos https://t.co/2sw1xZ2RMp",https://x.com/Wormhole_BR/status/1887835954976813357,69,3,4,0,0,0,0,0,0,1,0,0,0
1887474985976856632,Thu Feb 06 2025,"@AntonioNetoVEGA @Securitize @wormhole W",https://x.com/Wormhole_BR/status/1887474985976856632,11,1,1,0,0,0,0,0,0,0,0,0,0
1887126530024677451,Wed Feb 05 2025,"Os Top Momentos da @wormhole em Janeiro ğŸŒªï¸ â€¢ @Securitize agora estÃ¡ ao vivo com a Wormhole para expandir fundos tokenizados, incluindo o BUIDL da BlackRock e o ACRED da Apollo Global, entre diferentes blockchains. â€¢ Mais de 53 milhÃµes de W distribuÃ­dos no SRP1. O SRP2 jÃ¡ https://t.co/txzTBhZ1Vu",https://x.com/Wormhole_BR/status/1887126530024677451,128,4,8,0,0,0,0,2,1,1,0,0,0
1887102112061902887,Wed Feb 05 2025,"@wormhole @Securitize @BlackRock @apolloglobal W",https://x.com/Wormhole_BR/status/1887102112061902887,162,0,1,0,0,0,0,0,1,0,0,0,0
1887101367417704566,Wed Feb 05 2025,"Por meio de uma parceria exclusiva com a @Securitize , a maior plataforma de tokenizaÃ§Ã£o de ativos do mundo, a @Wormhole estÃ¡ construindo uma rede de liquidez multichain de nÃ­vel institucional, acelerando a adoÃ§Ã£o das finanÃ§as on-chain pelos players institucionais. ğŸª™ E vocÃª",https://x.com/Wormhole_BR/status/1887101367417704566,498,14,39,0,0,0,5,3,5,12,0,0,0
1886775770963484903,Tue Feb 04 2025,"@PagCryptoFi Aqui as taxas do DeBridge sÃ£o Ã³ ğŸ¤",https://x.com/Wormhole_BR/status/1886775770963484903,68,1,3,0,0,0,0,0,2,0,0,0,0
1886415268231946374,Mon Feb 03 2025,"Transfira ativos e realize trocas cross-chain nativas em menos de 10 segundos na @GalaxyExchangeX atravÃ©s do link abaixo â¤µï¸ https://t.co/URezi91RdM",https://x.com/Wormhole_BR/status/1886415268231946374,43,2,3,0,0,0,0,1,0,0,0,0,0
1886415266076069919,Mon Feb 03 2025,"Galaxy ğŸ¤ Wormhole ğŸ¤ Swing ğŸ¤ Mayan As trocas cross-chain nativas agora estÃ£o disponÃ­veis na @GalaxyExchangeX, impulsionadas por @MayanFinance e @Wormhole. Com o suporte da @swing_xyz, a Galaxy permite trocas cross-chain entre milhares de ativos. https://t.co/NKPoR8IuGE",https://x.com/Wormhole_BR/status/1886415266076069919,70,3,7,0,0,0,1,1,1,1,0,0,0
1886401754105033046,Mon Feb 03 2025,"ğŸ’¦ Faucets Testnet: a fonte que nunca seca! Desenvolvedores, bora pegar tokens gratuitos e dar aquele boost nos testes das suas #dApps? NÃ£o importa se vocÃª tÃ¡ no #EVM, #SVM, #CosmWasm, #Move VM ou atÃ© no #NEAR VM, tem faucet pra tudo e mais um pouco! Alguns destaques: https://t.co/UubaoAgShY",https://x.com/Wormhole_BR/status/1886401754105033046,70,3,4,0,0,0,0,1,0,0,0,0,0
1886368312369533254,Mon Feb 03 2025,"GM GM! Uma boa semana a todos!",https://x.com/Wormhole_BR/status/1886368312369533254,57,4,6,0,0,0,1,1,0,0,0,0,0
1885706814949351915,Sat Feb 01 2025,"Tokenizando Tudo. Multichain.",https://x.com/Wormhole_BR/status/1885706814949351915,97,4,7,0,0,0,0,1,2,0,0,0,0
1885318292589498694,Fri Jan 31 2025,"ğŸ“ˆ@ApolloGlobal x @Securitize x @Wormhole Apollo estÃ¡ em missÃ£o para aumentar os ativos sob gestÃ£o de ~$700B para $1,5T atÃ© 2029. A Wormhole e a Securitize se uniram para tornar isso realidade com o lanÃ§amento do fundo de crÃ©dito privado multichain $ACRED. #Crypto #Blockchain",https://x.com/Wormhole_BR/status/1885318292589498694,246,8,13,0,0,0,1,0,4,0,0,0,0
1885295397314122035,Fri Jan 31 2025,"@wormhole Ã© a camada de ativos do mercado Cripto",https://x.com/Wormhole_BR/status/1885295397314122035,86,1,1,0,0,0,0,0,0,0,0,0,0
1885028047318831520,Thu Jan 30 2025,"Protocolos da Aptos, como @CellanaFinance, @EchelonMarket, @EchoProtocol_, @Meso_Finance, @AriesMarkets, @ThalaLabs, @PontemNetwork (Liquidswap), @Nightly_app e @VibrantXFinance, jÃ¡ implementaram essas funcionalidades, permitindo que seus usuÃ¡rios movimentem USDC nativo",https://x.com/Wormhole_BR/status/1885028047318831520,38,3,5,0,0,0,0,0,0,1,1,0,0
1885028044504506519,Thu Jan 30 2025,"A Wormhole integrou o Cross-Chain Transfer Protocol (CCTP) da @Circle na Aptos. ğŸŒ Agora, desenvolvedores que constroem na @Aptos podem integrar transferÃªncias nativas de USDC perfeitamente em suas dApps com apenas 3 linhas de cÃ³digo. https://t.co/uuGlyFNBCy",https://x.com/Wormhole_BR/status/1885028044504506519,65,5,11,0,0,0,1,0,1,4,0,0,0
1885026050167525565,Thu Jan 30 2025,"Saiba mais sobre a soluÃ§Ã£o de interoperabilidade da @Securitize e da Wormhole para o ACRED atravÃ©s do link abaixo â¤µï¸ https://t.co/luDelcUQc2",https://x.com/Wormhole_BR/status/1885026050167525565,26,3,3,0,0,0,0,0,0,0,0,0,0
1885026046933700921,Thu Jan 30 2025,"Como parceira oficial de interoperabilidade do ACRED, a Wormhole permitirÃ¡ interaÃ§Ãµes cross-chain perfeitas no fundo, entre os ecossistemas blockchain disponÃ­veis, aumentando a liquidez e a acessibilidade Ã  classe de ativos. A Wormhole estÃ¡ colaborando com a Securitize, lÃ­der",https://x.com/Wormhole_BR/status/1885026046933700921,29,3,4,0,0,0,1,0,0,0,0,0,0
1885026043137790153,Thu Jan 30 2025,"Os RWAs estÃ£o se tornando multichain. @Securitize anuncia a Wormhole como Provedora Oficial de Interoperabilidade para o Apollo Diversified Credit Securitize Fund (â€œACREDâ€). O lanÃ§amento do ACRED marca a primeira vez que os investidores podem acessar o Apollo Diversified Credit https://t.co/AuNYiJHUYn",https://x.com/Wormhole_BR/status/1885026043137790153,253,7,15,0,0,0,1,0,6,1,0,0,0
1885020517788246344,Thu Jan 30 2025,"Call do ecossistema rolando galera! https://t.co/vKOGxSlU1X",https://x.com/Wormhole_BR/status/1885020517788246344,26,3,3,0,0,0,0,0,0,0,0,0,0
1884926386491592732,Thu Jan 30 2025,"O mundo serÃ¡ tokenizado...",https://x.com/Wormhole_BR/status/1884926386491592732,54,2,3,0,0,0,0,0,1,0,0,0,0
1884926229758795860,Thu Jan 30 2025,"A Call do Ecossistema Wormhole estÃ¡ chegando! 2025 comeÃ§ou com tudo, e ainda tem mais por vir! Os contribuidores do Wormhole vÃ£o cobrir tudo isso. Com participaÃ§Ã£o especial de @TheRealRicoy AmanhÃ£, 30 de janeiro, Ã s 14h horÃ¡rio de BrasÃ­lia Link no post abaixo!!",https://x.com/Wormhole_BR/status/1884926229758795860,56,2,3,0,0,0,0,0,1,0,0,0,0
1884697782528708741,Wed Jan 29 2025,"Transfira $NEIRO para a Solana via @portalbridge_ â€” com tecnologia da @wormhole https://t.co/qMNtyVAumq https://t.co/vpxIfDJb69",https://x.com/Wormhole_BR/status/1884697782528708741,45,2,2,0,0,0,0,0,0,0,0,0,0
1884697777717878877,Wed Jan 29 2025,"As transferÃªncias de $NEIRO entre @ethereum e @solana estÃ£o oficialmente no ar, com a tecnologia da Wormhole! https://t.co/AyolTLoA3v",https://x.com/Wormhole_BR/status/1884697777717878877,58,3,6,0,0,0,1,0,0,2,0,0,0
1884613733684548050,Wed Jan 29 2025,"ğŸ§µ Construindo AplicaÃ§Ãµes Frontend com @wormhole TypeScript SDK 1/ O Wormhole TypeScript SDK Ã© a ferramenta essencial para integrar aplicaÃ§Ãµes frontend a mÃºltiplas blockchains. Ele simplifica a comunicaÃ§Ã£o entre redes e facilita a construÃ§Ã£o de aplicaÃ§Ãµes multichain. Vamos https://t.co/zGMgVL0umN",https://x.com/Wormhole_BR/status/1884613733684548050,45,2,5,0,0,0,0,0,1,2,0,0,0
1884607697502326819,Wed Jan 29 2025,"Ã‰ hoje! A galera da @WormholeFdn, @RobinsonBurkey e @sushantkurren, vÃ£o trocar uma ideia com @kaiynne , da @infinex_app , sobre como deixar o DeFi mais acessÃ­vel para geral.",https://x.com/Wormhole_BR/status/1884607697502326819,54,2,3,0,0,0,0,0,1,0,0,0,0
1884589815561130247,Wed Jan 29 2025,"Se vocÃª quer construir de maneira multichain e conectada, o Wormhole Ã© a ponte para unir diversos ecossistemas. Olha sÃ³ as blockchains que jÃ¡ fazem parte dessa rede: ğŸ”— #EVM (Ethereum e CompatÃ­veis) Das gigantes como #Ethereum, #BNB Smart Chain e #Polygon, atÃ© inovaÃ§Ãµes como https://t.co/2HWSkgzfl5",https://x.com/Wormhole_BR/status/1884589815561130247,40,2,5,0,0,0,0,0,0,3,0,0,0
1884240854186852427,Tue Jan 28 2025,"ğŸš€ Por que #buildar na @wormhole ? 1ï¸âƒ£ ComunicaÃ§Ã£o entre blockchains facilitada 2ï¸âƒ£ Acesso a um pool maior de ativos 3ï¸âƒ£ Seguro, descentralizado e rÃ¡pido 4ï¸âƒ£ Potencialize seu projeto com possibilidades infinitas Desbloqueie o futuro da blockchain com a Wormhole! #DeFi https://t.co/pJgId0FuvA",https://x.com/Wormhole_BR/status/1884240854186852427,105,4,11,0,0,0,0,1,3,3,0,0,0
1883869418595221592,Mon Jan 27 2025,"A @AMD tÃ¡ elevando o jogo no ecossistema da Wormhole! Com hardware de ponta nÃ­vel enterprise, vamos integrar a mais nova tecnologia ZK para mensagens cross-chain rÃ¡pidas e sem confianÃ§a. Grandes instituiÃ§Ãµes jÃ¡ estÃ£o usando a @Wormhole para escalar ativos tokenizados, garantir https://t.co/IpO6SVO6JA",https://x.com/Wormhole_BR/status/1883869418595221592,42,1,1,0,0,0,0,0,0,0,0,0,0
1882778630713200642,Fri Jan 24 2025,"ğŸš€ Por onde comeÃ§ar no nosso #Gitbook?ğŸŒŒ Se vocÃª quer levar suas aplicaÃ§Ãµes #blockchain para o prÃ³ximo nÃ­vel, o @wormhole Ã© a soluÃ§Ã£o. Seja desenvolvendo front-end ou integrando contratos inteligentes, vocÃª terÃ¡ acesso a ferramentas que conectam blockchains de forma fluida e https://t.co/rKirmU2RLA",https://x.com/Wormhole_BR/status/1882778630713200642,54,2,3,0,0,0,0,1,0,0,0,0,0
1882449472237560180,Thu Jan 23 2025,"ğŸš¨ HOJE TEM #Spaces NO TWITTER! ğŸš¨ Hoje, Ã s 19:19, vai rolar uma resenha imperdÃ­vel no com a galera da @Ethereum_Brasil ! Vamos falar sobre interoperabilidade, #multichain e tudo o que vocÃª precisa saber para conectar ecossistemas como um verdadeiro PRO. Se vocÃª curte Web3, https://t.co/s596VKQ51V",https://x.com/Wormhole_BR/status/1882449472237560180,214,3,24,0,0,2,1,1,11,6,0,0,0
1882415487406973415,Thu Jan 23 2025,"ğŸ’¥ Que fim de semana foi esse no DeFi, hein?! De 1 a 19 de janeiro, nossos nÃºmeros na @DefiLlama tÃ£o gritando: #DOMINAMOS! ğŸ˜ ğŸ”¥ O pico? Memecoin do Trump explodiu e a gente deixou Stargate e Across comendo poeira. ğŸ“Š Os grÃ¡ficos? Ã‰ a prova de que estamos voando. Se vocÃª https://t.co/nMp8Jvt12z",https://x.com/Wormhole_BR/status/1882415487406973415,72,2,14,0,0,0,1,1,2,5,0,0,0
1882411245644734892,Thu Jan 23 2025,"""Recordes foram feitos para serem quebrados!"" ğŸ¤« NÃ³s atingimos US$ 1,2B+ em volume durante o fim de semana! @Solana teve aproximadamente US$ 1B em volume total, com US$ 772M em entradas. Que final de semana meus amigos! https://t.co/071CyKAmoP",https://x.com/Wormhole_BR/status/1882411245644734892,59,2,4,0,0,0,0,0,0,0,0,0,0
1882408577450778753,Thu Jan 23 2025,"@PagCryptoFi Fiquei sabendo que vocÃª usam a worm ğŸ‘€",https://x.com/Wormhole_BR/status/1882408577450778753,21,2,3,0,0,0,0,0,1,0,0,0,0
1882023914148413780,Wed Jan 22 2025,"4ï¸âƒ£ Curtiu? Quer comeÃ§ar? ğŸ‘‰ SÃ³ clicar aqui e bora criar: https://t.co/rth8yA4FZK TÃ¡ esperando o quÃª? Compartilha isso com a galera e bora colocar essas ideias no multichain! ğŸ’ª Wormhole Ã© o foguete e vocÃª tÃ¡ na cabine de comando. ğŸš€ğŸ”¥",https://x.com/Wormhole_BR/status/1882023914148413780,26,0,3,0,0,0,0,0,0,3,0,0,0
1882023910830743606,Wed Jan 22 2025,"3ï¸âƒ£ Por que colar nesse Gitbook? ğŸŒŒ Multichain fÃ¡cil de verdade: conecta vÃ¡rias blockchains sem dor de cabeÃ§a. ğŸ“– Guias direto ao ponto: vai da teoria Ã  prÃ¡tica rapidinho. ğŸ¤ Cola com os melhores: entra pra uma comunidade global de builders cabulosos.",https://x.com/Wormhole_BR/status/1882023910830743606,31,0,1,0,0,0,1,0,0,0,0,0,0
1882023907529478392,Wed Jan 22 2025,"2ï¸âƒ£ O que tem de bom por lÃ¡? O Gitbook BR tÃ¡ dividido em 5 Ã¡reas topzera: ğŸ”§ Build: tutoriais prontos pra te colocar na prÃ¡tica. ğŸ“š Learning: aprende tudo com conteÃºdos fÃ¡ceis de sacar. âš™ï¸ Infraestrutura: descobre como a mÃ¡gica multichain acontece. ğŸ› ï¸ Tutoriais: aquele passo a",https://x.com/Wormhole_BR/status/1882023907529478392,14,1,5,0,0,0,1,0,0,3,0,0,0
1882023904346304577,Wed Jan 22 2025,"1ï¸âƒ£ Que parada Ã© essa de Gitbook? Ã‰ tipo um guia definitivo pra quem quer criar coisas incrÃ­veis no protocolo @wormhole . Seja vocÃª novato ou veterano, aqui tem conteÃºdo pra todo mundo! ğŸŒğŸ’¡",https://x.com/Wormhole_BR/status/1882023904346304577,10,0,3,0,0,0,1,0,1,1,0,0,0
1882023900479099316,Wed Jan 22 2025,"ğŸ“šâœ¨ Se liga, galera! Bem-vindos ao Gitbook da Wormhole! TÃ¡ afim de construir aquele projetinho insano no mundo multichain? EntÃ£o cola com a gente que aqui tem tudo pra vocÃª virar o mestre dos devs. ğŸš€ Bora de thread pra explicar como o Gitbook da Wormhole vai mudar o jogo. ğŸ‘‡ https://t.co/SFbQDu9dUY",https://x.com/Wormhole_BR/status/1882023900479099316,90,5,14,0,0,0,1,2,1,5,0,0,0
1880802475663622294,Sat Jan 18 2025,"TÃ¡ liberado! Agora dÃ¡ pra trocar de qualquer chain direto pra $TRUMP na @solana. Tudo isso powered by @mayanfinance e @wormhole. ğŸš€ ğŸ‘‰ https://t.co/jMp4QyxuDg ğŸ‡ºğŸ‡¸ https://t.co/qBaEtCSOy2",https://x.com/Wormhole_BR/status/1880802475663622294,57,0,1,0,0,0,0,0,0,0,1,0,0
1880617078119677995,Sat Jan 18 2025,"Ontem, as Recompensas SRP1 foram liberadas! Mais de 53.000.000 de $W foram distribuÃ­dos para mais de 58 mil participantes da governanÃ§a que estavam elegÃ­veis. Olhe o #Dashboard do $W para pegar suas recompensas e conferir o status do seu staking: https://t.co/9z4rpNDkrR https://t.co/b7OwsCJYzi",https://x.com/Wormhole_BR/status/1880617078119677995,22,0,1,0,0,0,0,0,0,0,1,0,0
1880603547945095345,Sat Jan 18 2025,"ğŸš€ğŸŒŒ TÃ¡ perdido no multiverso das blockchains? A gente tem o portal perfeito pra te ajudar a navegar! ğŸ‘‰ https://t.co/tYUB3p8tbZ ğŸ”¥ O grupo oficial da Wormhole Brasil tÃ¡ ON! ğŸ’¬ Vem trocar ideia com quem entende do assunto e levar seus projetos pra outro nÃ­vel. Bora?",https://x.com/Wormhole_BR/status/1880603547945095345,46,0,1,0,0,0,0,0,0,0,1,0,0
1880314148585677166,Fri Jan 17 2025,"Saiba mais sobre o Staking Rewards Program - PerÃ­odo 1 â¤µï¸ https://t.co/hHi4yvRVN4",https://x.com/Wormhole_BR/status/1880314148585677166,18,0,0,0,0,0,0,0,0,0,0,0,0
1880314148233335198,Fri Jan 17 2025,"As recompensas do Staking Rewards Program (SRP) - PerÃ­odo 1 jÃ¡ estÃ£o disponÃ­veis: https://t.co/9z4rpNCMCj https://t.co/e03QAzCQb0",https://x.com/Wormhole_BR/status/1880314148233335198,28,0,1,0,0,0,1,0,0,0,0,0,0
1880216905518317937,Fri Jan 17 2025,"5/ EstÃ¡ na hora de conectar os mundos! ğŸŒŒ TransferÃªncias do $ALT entre Ethereum e Solana estÃ£o disponÃ­veis agora via o @portalbridge_, powered by Wormhole. ğŸ”— Confira: https://t.co/qMNtyVB2bY @alt_layer + @wormhole = uma combinaÃ§Ã£o perfeita para escalar e conectar o Web3. ğŸŒ",https://x.com/Wormhole_BR/status/1880216905518317937,23,0,0,0,0,0,0,0,0,0,0,0,0
1880216903509307694,Fri Jan 17 2025,"4/ Destaques do protocolo: âœ¨ Rollups-as-a-Service (RaaS) â€” construa rollups personalizados facilmente ğŸ¤– Agentes de IA verificÃ¡veis usando enclaves seguros (TEE) âš™ï¸ ImplantaÃ§Ãµes AVS para construtores do EigenLayer ğŸ”’ Rollups com restaking para seguranÃ§a e descentralizaÃ§Ã£o",https://x.com/Wormhole_BR/status/1880216903509307694,22,0,1,0,0,0,1,0,0,0,0,0,0
1880216901454033016,Fri Jan 17 2025,"3/ Qual o papel do $ALT? O $ALT Ã© o token de utilidade nativo da AltLayer. Ele alimenta todo o protocolo, desde serviÃ§os de rollups atÃ© integraÃ§Ãµes de IA.",https://x.com/Wormhole_BR/status/1880216901454033016,11,1,2,0,0,0,1,0,0,0,0,0,0
1880216899499487360,Fri Jan 17 2025,"2/ O que Ã© a AltLayer? Ã‰ um protocolo descentralizado que permite o lanÃ§amento de: ğŸ”¹ Rollups customizados ğŸ”¹ Agentes de IA verificÃ¡veis ğŸ”¹ Usando stacks avanÃ§ados de #zk e #optimistic rollups Um passo alÃ©m para escalar o Web3 com tecnologia de ponta. ğŸ’¡",https://x.com/Wormhole_BR/status/1880216899499487360,4,1,2,0,0,0,1,0,0,0,0,0,0
1880216896852938983,Fri Jan 17 2025,"1/ ğŸš¨ Novidade no multichain! TransferÃªncias do $ALT da @alt_layer entre Ethereum e Solana agora estÃ£o AO VIVO, powered by Wormhole. ğŸŒ‰ @alt_layer traz soluÃ§Ãµes escalÃ¡veis de rollup para o Web3, e o $ALT estÃ¡ oficialmente integrado ao ecossistema multichain da Wormhole. ğŸ¤ ğŸ§µ https://t.co/mygNdROJAS",https://x.com/Wormhole_BR/status/1880216896852938983,30,0,2,0,0,0,1,0,1,0,0,0,0
1879883806015898037,Thu Jan 16 2025,"#GM https://t.co/Crhyo784js",https://x.com/Wormhole_BR/status/1879883806015898037,18,2,2,0,0,0,0,0,0,0,0,0,0
1879568995638297039,Wed Jan 15 2025,"6/ Essa Ã© mais uma prova do poder do multichain no DeFi! ğŸŒ Leia todos os detalhes na proposta completa pelo link abaixo ğŸ‘‡ ğŸ”—https://t.co/NTRQgh86AO ğŸ’¬ O que vocÃªs acharam dessa novidade? Bora conversar!",https://x.com/Wormhole_BR/status/1879568995638297039,13,0,0,0,0,0,0,0,0,0,0,0,0
1879568992911978558,Wed Jan 15 2025,"5/ Como em todas as implementaÃ§Ãµes oficiais, o Uniswap v3 na Sonic serÃ¡ governado pela governanÃ§a do protocolo Ethereum L1. Os contratos jÃ¡ estÃ£o implantados na Sonic e prontos para o lanÃ§amento na mainnet. ğŸš€",https://x.com/Wormhole_BR/status/1879568992911978558,15,0,1,0,0,0,1,0,0,0,0,0,0
1879568990286320092,Wed Jan 15 2025,"4/ E tem mais! ğŸŒŸ O @SonicLabs comprometeu $500k em $S tokens para a DAO do Uniswap para incentivar o ecossistema. AlÃ©m disso, o @Uniswap aprovou $250k em $UNI para incentivos de liquidez nos prÃ³ximos 6 meses. ğŸ’¸",https://x.com/Wormhole_BR/status/1879568990286320092,7,0,3,0,0,1,1,0,0,1,0,0,0
1879568987434242308,Wed Jan 15 2025,"3/ Esse deployment foi uma colaboraÃ§Ã£o Ã©pica: â–º @labsGFX cuidou dos smart contracts na Sonic. â–º @wormhole trouxe o sistema de mensagens de governanÃ§a. â–º @okutrade oferece a interface amigÃ¡vel para os usuÃ¡rios. Tudo conectado para simplificar a experiÃªncia. ğŸ”—",https://x.com/Wormhole_BR/status/1879568987434242308,3,0,1,0,0,0,1,0,0,0,0,0,0
1879568984976289923,Wed Jan 15 2025,"2/ O @SonicLabs traz uma infraestrutura de alta performance ao Uniswap v3: âš¡ï¸ 10k transaÃ§Ãµes por segundo â±ï¸ Finalidade em menos de 1 segundo ğŸ’» 100% compatÃ­vel com EVM ğŸ”§ Infraestrutura avanÃ§ada de nodes ğŸ’° MonetizaÃ§Ã£o de taxas para devs Ã‰ ou nÃ£o Ã© o futuro do DeFi? ğŸ”¥",https://x.com/Wormhole_BR/status/1879568984976289923,5,0,1,0,0,0,1,0,0,0,0,0,0
1879568982115782813,Wed Jan 15 2025,"@1/ ğŸš€ Grandes notÃ­cias! O Uniswap v3 agora estÃ¡ ao vivo no @SonicLabs, com a Wormhole como soluÃ§Ã£o multichain oficial para o sistema de mensagens de governanÃ§a. ğŸŒŒ Esse Ã© o 7Âº deployment do @Uniswap suportado pela Wormhole. Vamos entender o que isso significa? ğŸ§µğŸ‘‡ https://t.co/Fz9N45fSFG",https://x.com/Wormhole_BR/status/1879568982115782813,17,0,2,0,0,0,1,0,1,0,0,0,0
1879567955639599199,Wed Jan 15 2025,"O Swidge, da @infinex_app, chegou com swaps nativos cross-chain em apenas 10 segundos â€” tudo movido pela @wormhole ğŸï¸ğŸ’¨",https://x.com/Wormhole_BR/status/1879567955639599199,23,0,0,0,0,0,0,0,0,0,0,0,0
1879153495494070624,Tue Jan 14 2025,"6/ ğŸš€ EstÃ¡ esperando o quÃª? Acesse agora o GitBook e comece a explorar o futuro da interoperabilidade blockchain. ğŸ”— https://t.co/0EfKofAxtE #Web3 #Blockchain #Desenvolvedores #CrossChain",https://x.com/Wormhole_BR/status/1879153495494070624,20,1,2,0,0,0,0,0,0,0,1,0,0
1879153493266911272,Tue Jan 14 2025,"5/ ğŸ” Feedback e colaboraÃ§Ã£o Queremos construir o futuro do Web3 com vocÃª. DÃª sua opiniÃ£o e ajude a tornar o Wormhole Brasil ainda mais forte!",https://x.com/Wormhole_BR/status/1879153493266911272,19,0,1,0,0,0,1,0,0,0,0,0,0
1879153490225959050,Tue Jan 14 2025,"4/ ğŸ’¡ Por que usar o Wormhole? O Wormhole permite que vocÃª conecte diferentes blockchains, criando projetos interoperÃ¡veis e desbloqueando novas possibilidades para o seu dApp.",https://x.com/Wormhole_BR/status/1879153490225959050,8,0,1,0,0,0,1,0,0,0,0,0,0
1879153487336128571,Tue Jan 14 2025,"3/ ğŸŒ Para quem Ã©? Desenvolvedores curiosos e inovadores. Equipes que buscam soluÃ§Ãµes cross-chain confiÃ¡veis. Entusiastas do Web3 que querem estar Ã  frente no mercado.",https://x.com/Wormhole_BR/status/1879153487336128571,23,0,1,0,0,0,1,0,0,0,0,0,0
1879153484999881182,Tue Jan 14 2025,"2/ ğŸ“š O que vocÃª vai encontrar? DocumentaÃ§Ã£o completa: Entenda tudo sobre o Wormhole. Guias tÃ©cnicos: Tutoriais claros para comeÃ§ar do zero. IntegraÃ§Ãµes cross-chain: Conecte blockchains com eficiÃªncia. Dicas prÃ¡ticas: Torne suas soluÃ§Ãµes ainda mais robustas.",https://x.com/Wormhole_BR/status/1879153484999881182,19,0,1,0,0,0,1,0,0,0,0,0,0
1879153481740943616,Tue Jan 14 2025,"ğŸ§µğŸš€ Descubra o GitBook oficial do Wormhole Brasil! 1/ ğŸ› ï¸ Desenvolvedores, atenÃ§Ã£o! Agora ficou mais fÃ¡cil explorar as possibilidades do Wormhole no mundo Web3. Nosso GitBook oficial jÃ¡ estÃ¡ no ar! ğŸŒ ğŸ”— Confira: https://t.co/0EfKofAxtE",https://x.com/Wormhole_BR/status/1879153481740943616,27,1,9,0,0,0,1,0,0,4,3,0,0
1879137543280877776,Tue Jan 14 2025,"#GM https://t.co/vUIu1QxvHe",https://x.com/Wormhole_BR/status/1879137543280877776,28,2,4,0,0,0,0,1,0,1,0,0,0
1878815690670604329,Mon Jan 13 2025,"ğŸ”¥ Siga a Wormhole BR e fique por dentro das novidades do mundo cross-chain! ğŸ”¥ ğŸ“Œ Juntos, estamos construindo as pontes do futuro. ğŸŒ‰ğŸ’¡ #Wormhole #Blockchain #CriptoBR #Web3",https://x.com/Wormhole_BR/status/1878815690670604329,21,1,1,0,0,0,0,0,0,0,0,0,0
1878815687843651838,Mon Jan 13 2025,"6/ ğŸ’¬ Queremos ouvir vocÃªs! Que tÃ³picos ou dÃºvidas vocÃªs gostariam de ver explicados no nosso perfil? ğŸ‘‡ Deixe suas sugestÃµes e participe dessa construÃ§Ã£o conosco. Vamos crescer juntos! ğŸŒ±",https://x.com/Wormhole_BR/status/1878815687843651838,17,0,1,0,0,0,1,0,0,0,0,0,0
1878815685226414332,Mon Jan 13 2025,"5/ Nossa missÃ£o Ã© dar ao Brasil um papel de destaque na revoluÃ§Ã£o blockchain. ğŸŒŸ Afinal, somos um paÃ­s cheio de talento e criatividade. Com acesso Ã s ferramentas certas, nÃ£o temos limites! ğŸ’ªâœ¨",https://x.com/Wormhole_BR/status/1878815685226414332,4,0,1,0,0,0,1,0,0,0,0,0,0
1878815682701451423,Mon Jan 13 2025,"4/ JÃ¡ publicamos conteÃºdos sobre: âœ… O que Ã© o Wormhole e como ele funciona; âœ… BenefÃ­cios da interoperabilidade para desenvolvedores e usuÃ¡rios; âœ… IntegraÃ§Ã£o de projetos Web3 no Brasil com tecnologias cross-chain. E isso Ã© sÃ³ o comeÃ§o. ğŸš€",https://x.com/Wormhole_BR/status/1878815682701451423,1,0,1,0,0,0,1,0,0,0,0,0,0
1878815679845110113,Mon Jan 13 2025,"3/ Entendemos que cross-chain pode parecer um conceito complicado, mas Ã© como construir pontes entre ilhas para que todos possam se conectar e crescer juntos. ğŸŒ‰ğŸŒ E com a Wormhole, essa ponte Ã© rÃ¡pida, segura e confiÃ¡vel. Em portuguÃªs, fica ainda mais simples! ğŸ™Œ",https://x.com/Wormhole_BR/status/1878815679845110113,1,0,1,0,0,0,1,0,0,0,0,0,0
1878815677274034470,Mon Jan 13 2025,"2/ Aqui na Wormhole BR, estamos comprometidos em traduzir nÃ£o sÃ³ os textos, mas tambÃ©m o valor por trÃ¡s das tecnologias que conectam blockchains diferentes. ğŸ‘‰ De tutoriais a guias tÃ©cnicos, tudo em portuguÃªs claro e acessÃ­vel!",https://x.com/Wormhole_BR/status/1878815677274034470,1,0,1,0,0,0,1,0,0,0,0,0,0
1878815674610713007,Mon Jan 13 2025,"1/ O ecossistema Web3 estÃ¡ crescendo rapidamente, e o Brasil Ã© um dos paÃ­ses mais engajados na adoÃ§Ã£o de cripto e blockchain. ğŸ‡§ğŸ‡·âœ¨ Mas, convenhamos: a linguagem tÃ©cnica pode ser uma barreira para muitos. ğŸ˜… Nosso objetivo? Quebrar essa barreira! ğŸ› ï¸",https://x.com/Wormhole_BR/status/1878815674610713007,1,0,1,0,0,0,1,0,0,0,0,0,0
1878815671838257463,Mon Jan 13 2025,"ğŸŒğŸš€ #WormholeBR estÃ¡ facilitando o acesso do pÃºblico brasileiro aos conteÃºdos tÃ©cnicos do mundo cripto! ğŸ’¡ğŸ¯ ğŸ”— Vamos falar sobre como estamos traduzindo e simplificando o universo cross-chain para a comunidade brasileira. ğŸ§µ",https://x.com/Wormhole_BR/status/1878815671838257463,22,0,1,0,0,0,1,0,0,0,0,0,0
1878778829193592915,Mon Jan 13 2025,"GM GM Brasileirinhos! Segundou! Bora #buildar! https://t.co/IUB6C6NeGW",https://x.com/Wormhole_BR/status/1878778829193592915,30,1,5,0,0,0,0,0,0,4,0,0,0
1878557807777034278,Sun Jan 12 2025,"""Cripto Ã© 24/7, irmÃ£o, atÃ© sÃ¡bado e domingo querem que a gente tuÃ­te!"" ğŸ˜…",https://x.com/Wormhole_BR/status/1878557807777034278,24,2,3,0,0,0,0,1,0,0,0,0,0
1877715066860028165,Fri Jan 10 2025,"#WAGMI Sextou meus comandantes! https://t.co/KEgQL9FaS1",https://x.com/Wormhole_BR/status/1877715066860028165,38,0,0,0,0,0,0,0,0,0,0,0,0
1877711805788659894,Fri Jan 10 2025,"ğŸŒŠ A Wormhole jÃ¡ tÃ¡ ao vivo na testnet #EVM da @HyperliquidX! Porque conexÃ£o aqui Ã© outro patamar. ğŸš€",https://x.com/Wormhole_BR/status/1877711805788659894,29,0,0,0,0,0,0,0,0,0,0,0,0
1877363249210945613,Thu Jan 09 2025,"@wormhole @bioprotocol @solana ğŸ”¥ğŸ”¥ğŸ”¥",https://x.com/Wormhole_BR/status/1877363249210945613,17,0,1,0,0,0,0,0,1,0,0,0,0
1877363176334856351,Thu Jan 09 2025,"ğŸ”— JÃ¡ dÃ¡ pra transferir $BIO pra @Solana e vice-versa com o @portalbridge_, powered by Wormhole! ğŸŒŸ ğŸ‘‰ Descubra como o @BioProtocol tÃ¡ revolucionando o multichain DeSci no link: https://t.co/4DO2rnSykt",https://x.com/Wormhole_BR/status/1877363176334856351,31,0,0,0,0,0,0,0,0,0,0,0,0
1877363173436592483,Thu Jan 09 2025,"âš™ï¸ E a parceria com @Wormhole? Com o NTT da @wormhole, o BIO Protocol resolve a bagunÃ§a de liquidez e ainda mantÃ©m o controle total sobre: âœ”ï¸ Quem manda nos tokens âœ”ï¸ Todos os metadados âœ”ï¸ As upgrades de leveza https://t.co/AU8hfPbRNv",https://x.com/Wormhole_BR/status/1877363173436592483,14,0,1,0,0,0,1,0,0,0,0,0,0
1877363170370547918,Thu Jan 09 2025,"ğŸ”¬ Mas o que Ã© o BIO Protocol? Ã‰ tipo o Tinder da #DeSci : conecta talento, grana e #IP em uma rede global! ğŸ˜ Com isso, dÃ¡ pra apoiar inovaÃ§Ã£o em biotech via #BioDAOs e IP cientÃ­fico tokenizado. ğŸ’¡",https://x.com/Wormhole_BR/status/1877363170370547918,84,0,1,0,0,0,1,0,0,0,0,0,0
1877363168248242253,Thu Jan 09 2025,"ğŸ’¥ BIO Protocol tÃ¡ levando a DeSci pro rolÃª multichain! Agora o $BIO Ã© multichain na veia com o framework NTT da Wormhole. ğŸš€ @BioProtocol chegou na @Solana, e o acesso Ã  liquidez DeSci tÃ¡ voando entre as chains. ğŸŒ https://t.co/6A6PcZdL5Q",https://x.com/Wormhole_BR/status/1877363168248242253,44,0,4,0,0,0,1,0,0,3,0,0,0
1877316508977693042,Thu Jan 09 2025,"#GM https://t.co/eXhUkaepd4",https://x.com/Wormhole_BR/status/1877316508977693042,15,0,0,0,0,0,0,0,0,0,0,0,0
1876977157576302874,Wed Jan 08 2025,"#web3 nÃ£o possuÃ­ #dayoff ! https://t.co/dfEwpiORRx",https://x.com/Wormhole_BR/status/1876977157576302874,25,1,1,0,0,0,0,0,0,0,0,0,0
1876966819501678943,Wed Jan 08 2025,"Educados falam #GM de volta! https://t.co/lI0WTCl92o",https://x.com/Wormhole_BR/status/1876966819501678943,37,1,6,0,0,0,1,1,1,2,0,0,0
1876667323513532439,Tue Jan 07 2025,"ğŸŒŒ @orbitcryptoai tÃ¡ ON! Agora com swaps entre chains em 10 segundinhos, powered by @Wormhole e @MayanFinance. ğŸš€ Orbit junta #AI e #blockchain pra descomplicar as finanÃ§as on-chain, garantindo transaÃ§Ãµes automÃ¡ticas, seguras e rapidas, em vÃ¡rios protocolos. ğŸ”—ğŸ’¡",https://x.com/Wormhole_BR/status/1876667323513532439,50,3,8,0,0,0,0,0,3,2,0,0,0
1876589340182368548,Tue Jan 07 2025,"#Fam gostaria de saber de vocÃªs quais projetos #brazucas vocÃªs conhecem que utilizam a nossa bridge! Marca eles aqui que meia noite eu conto um negÃ³cio...",https://x.com/Wormhole_BR/status/1876589340182368548,29,2,2,0,0,0,0,0,0,0,0,0,0
1876589101190877561,Tue Jan 07 2025,"GM GM Brasileirinhos!!",https://x.com/Wormhole_BR/status/1876589101190877561,27,3,3,0,0,0,0,0,0,0,0,0,0
1876382771972882738,Mon Jan 06 2025,"âš¡ Transforme qualquer ativo em @HyperliquidX em 10 segundos! Powered by @wormhole e @MayanFinance. ğŸš€ RÃ¡pido, prÃ¡tico e multichain. Hyperliquid. $W #hyper #wormhole",https://x.com/Wormhole_BR/status/1876382771972882738,56,4,6,0,0,0,0,1,1,0,0,0,0
1876254893494935776,Mon Jan 06 2025,"LFG! Bora farmaaaaar!!! #bullish https://t.co/8ee4tTL839",https://x.com/Wormhole_BR/status/1876254893494935776,28,4,5,0,0,0,0,1,0,0,0,0,0
1875650688539361326,Sat Jan 04 2025,"5ï¸âƒ£ Como vocÃª pode entrar nessa? Seja pra construir projetos, aprender ou sÃ³ acompanhar as novidades, a Wormhole BR Ã© o ponto de partida. Bora junto nessa ponte pro futuro! ğŸš€",https://x.com/Wormhole_BR/status/1875650688539361326,16,3,4,0,0,0,1,0,0,0,0,0,0
1875650686261883316,Sat Jan 04 2025,"3ï¸âƒ£ TÃ¡, mas e o BR nisso? A Wormhole BR tÃ¡ aqui pra deixar tudo mais claro e trazer o jeitinho brasileiro pro #multichain. Mais memes, mais conexÃ£o e, claro, mais inovaÃ§Ã£o! ğŸ‡§ğŸ‡·âœ¨",https://x.com/Wormhole_BR/status/1875650686261883316,2,0,1,0,0,0,1,0,0,0,0,0,0
1875650683929841826,Sat Jan 04 2025,"2ï¸âƒ£ Por que isso importa? Imagina fazer um #pix de #Ethereum pra #Solana sem dor de cabeÃ§a, ou usar um app que roda em vÃ¡rias #chains sem nem perceber. Ã‰ isso que a Wormhole faz: simplifica o caos! ğŸ”—",https://x.com/Wormhole_BR/status/1875650683929841826,8,0,1,0,0,0,1,0,0,0,0,0,0
1875650681354514733,Sat Jan 04 2025,"1ï¸âƒ£ O que Ã© Wormhole? Ã‰ a ponte que conecta #blockchains como se fosse aquele amigo que resolve treta de rodÃ­zio. Tudo flui, sem crise! ğŸŒ‰",https://x.com/Wormhole_BR/status/1875650681354514733,2,0,1,0,0,0,1,0,0,0,0,0,0
1875650678837924097,Sat Jan 04 2025,"ğŸ¬ Se liga nessa histÃ³ria de conexÃ£o #BR! ğŸŒ Sabe quando a galera do churrasco tÃ¡ dividida entre quem quer carne bem passada e quem prefere malpassada? A @wormhole resolve isso... no mundo das blockchains! ğŸŒ #Thread ğŸ§µğŸ‘‡",https://x.com/Wormhole_BR/status/1875650678837924097,29,3,4,0,0,0,1,0,0,0,0,0,0
1875649321615683945,Sat Jan 04 2025,"Brasil 40Âº C! Qual a melhor #coin para #shillar nesse momento?",https://x.com/Wormhole_BR/status/1875649321615683945,32,3,3,0,0,0,0,0,0,0,0,0,0
1875167729831063600,Fri Jan 03 2025,"ğŸ‘‡ğŸ¿ğŸ‘‡ğŸ¿ğŸ‘‡ğŸ¿ğŸ‘‡ğŸ¿ğŸ‘‡ğŸ¿ğŸ‘‡ğŸ¿ğŸ‘‡ğŸ¿ğŸ‘‡ğŸ¿ğŸ‘‡ğŸ¿ğŸ‘‡ğŸ¿ğŸ‘‡ğŸ¿ ğŸ‘‰ğŸ¿ğŸ‘‡ğŸ¾ğŸ‘‡ğŸ¾ğŸ‘‡ğŸ¾ğŸ‘‡ğŸ¾ğŸ‘‡ğŸ¾ğŸ‘‡ğŸ¾ğŸ‘‡ğŸ¾ğŸ‘‡ğŸ¾ğŸ‘‡ğŸ¾ğŸ‘ˆğŸ¿ ğŸ‘‰ğŸ¿ğŸ‘‰ğŸ¾ğŸ‘‡ğŸ½ğŸ‘‡ğŸ½ğŸ‘‡ğŸ½ğŸ‘‡ğŸ½ğŸ‘‡ğŸ½ğŸ‘‡ğŸ½ğŸ‘‡ğŸ½ğŸ‘ˆğŸ¾ğŸ‘ˆğŸ¿ ğŸ‘‰ğŸ¿ğŸ‘‰ğŸ¾ğŸ‘‰ğŸ½ğŸ‘‡ğŸ¼ğŸ‘‡ğŸ¼ğŸ‘‡ğŸ¼ğŸ‘‡ğŸ¼ğŸ‘‡ğŸ¼ğŸ‘ˆğŸ½ğŸ‘ˆğŸ¾ğŸ‘ˆğŸ¿ ğŸ‘‰ğŸ¿ğŸ‘‰ğŸ¾ğŸ‘‰ğŸ½ğŸ‘‰ğŸ¼ğŸ‘‡ğŸ»ğŸ‘‡ğŸ»ğŸ‘‡ğŸ»ğŸ‘ˆğŸ¼ğŸ‘ˆğŸ½ğŸ‘ˆğŸ¾ğŸ‘ˆğŸ¿ ğŸ‘‰ğŸ¾ğŸ‘‰ğŸ½ğŸ‘‰ğŸ¼ $W ğŸ‘ˆğŸ¼ğŸ‘ˆğŸ½ğŸ‘ˆğŸ¾ ğŸ‘‰ğŸ¿ğŸ‘‰ğŸ¾ğŸ‘‰ğŸ½ğŸ‘‰ğŸ¼ğŸ‘†ğŸ»ğŸ‘†ğŸ»ğŸ‘†ğŸ»ğŸ‘ˆğŸ¼ğŸ‘ˆğŸ½ğŸ‘ˆğŸ¾ğŸ‘ˆğŸ¿ ğŸ‘‰ğŸ¿ğŸ‘‰ğŸ¾ğŸ‘‰ğŸ½ğŸ‘†ğŸ¼ğŸ‘†ğŸ¼ğŸ‘†ğŸ¼ğŸ‘†ğŸ¼ğŸ‘†ğŸ¼ğŸ‘ˆğŸ½ğŸ‘ˆğŸ¾ğŸ‘ˆğŸ¿ ğŸ‘‰ğŸ¿ğŸ‘‰ğŸ¾ğŸ‘†ğŸ½ğŸ‘†ğŸ½ğŸ‘†ğŸ½ğŸ‘†ğŸ½ğŸ‘†ğŸ½ğŸ‘†ğŸ½ğŸ‘†ğŸ½ğŸ‘ˆğŸ¾ğŸ‘ˆğŸ¿ ğŸ‘‰ğŸ¿ğŸ‘†ğŸ¾ğŸ‘†ğŸ¾ğŸ‘†ğŸ¾ğŸ‘†ğŸ¾ğŸ‘†ğŸ¾ğŸ‘†ğŸ¾ğŸ‘†ğŸ¾ğŸ‘†ğŸ¾ğŸ‘†ğŸ¾ğŸ‘ˆğŸ¿ ğŸ‘‰ğŸ¿ğŸ‘†ğŸ¿ğŸ‘†ğŸ¿ğŸ‘†ğŸ¿ğŸ‘†ğŸ¿ğŸ‘†ğŸ¿ğŸ‘†ğŸ¿ğŸ‘†ğŸ¿ğŸ‘†ğŸ¿ğŸ‘†ğŸ¿ğŸ‘ˆğŸ¿",https://x.com/Wormhole_BR/status/1875167729831063600,43,3,8,0,0,0,0,0,1,4,0,0,0
1875140045637931179,Fri Jan 03 2025,"#GM https://t.co/2yJ1P6SjSn",https://x.com/Wormhole_BR/status/1875140045637931179,35,3,4,0,0,0,0,1,0,0,0,0,0
1874880610201981164,Thu Jan 02 2025,"ğŸš€ InstituiÃ§Ãµes estÃ£o escolhendo a Wormhole pra conectar tudo! ğŸŒ‰ @FlowTraders agora faz parte da rede solver da Wormhole, garantindo transferÃªncias multichain rÃ¡pidas e baratas. Junto com @googlecloud e @AMD pra fortalecer ainda mais o ecossistema! ğŸ”¥ â¡ï¸https://t.co/OhFpy8eoY4 https://t.co/55NQrIA4zd",https://x.com/Wormhole_BR/status/1874880610201981164,52,4,7,0,0,0,0,1,1,1,0,0,0
1874802831972024368,Thu Jan 02 2025,"â˜ï¸ @googlecloud agora faz parte da tropa de elite da @wormhole ! Com infraestrutura nÃ­vel chefÃ£o, eles garantem que nossa rede Guardian esteja sempre online e pronta pra rodar liso em mais de 30 blockchains. ğŸ’»âœ¨ Acesse para saber mais: https://t.co/svmWmqljxz https://t.co/wNTIybNcF2",https://x.com/Wormhole_BR/status/1874802831972024368,48,5,9,0,0,0,0,1,0,0,2,0,0
1874802826544545911,Thu Jan 02 2025,"LFG!!!!!! #LFG https://t.co/jGT6tgUc41",https://x.com/Wormhole_BR/status/1874802826544545911,31,3,5,0,0,0,1,1,0,0,0,0,0
1874765611492069495,Thu Jan 02 2025,"#GM https://t.co/WVDO601Szc",https://x.com/Wormhole_BR/status/1874765611492069495,38,3,5,0,0,0,1,1,0,0,0,0,0
1874533273294213378,Wed Jan 01 2025,"@xQuidd__ @wormhole #LFG",https://x.com/Wormhole_BR/status/1874533273294213378,32,0,0,0,0,0,0,0,0,0,0,0,0
1874529077866201467,Wed Jan 01 2025,"ğŸ’¥Ã‰ brasileirinho, se vocÃª achou os drones insanos, se prepare que em 2025 a gente vem com tudo!!! @wormhole 2025 ğŸš€ https://t.co/gvEHFTYz3V",https://x.com/Wormhole_BR/status/1874529077866201467,59,6,16,0,0,0,1,2,0,5,0,0,0
1874470654264905926,Wed Jan 01 2025,"ğŸ”¥ O futuro do #staking multichain chegou! Com a @eigenlayer como sÃ³ a primeira de muitas parcerias, o espaÃ§o Web3 nunca esteve tÃ£o entrelaÃ§ado! Ficou curioso meu ? Clica aqui &gt;&gt; https://t.co/pc1fPN6VhP",https://x.com/Wormhole_BR/status/1874470654264905926,31,2,4,0,0,0,0,0,0,0,2,0,0
1874470652209770790,Wed Jan 01 2025,"Tudo isso junto pra entregar para vc meu #champs: âœ”ï¸ Restaking multichain nativo (sem #bridging). ğŸ’§ Liquidez unificada entre redes. ğŸ’¸ EficiÃªncia de capital com finalizaÃ§Ãµes rÃ¡pidas. ğŸŒŸ Acesso fÃ¡cil a 100+ #AVSs.",https://x.com/Wormhole_BR/status/1874470652209770790,34,3,6,0,0,0,1,1,0,1,0,0,0
1874470650058031592,Wed Jan 01 2025,"E quem faz parte do jogo? âš¡ Wormhole e sua arquitetura de mensagem. ğŸ¤– NUFF Protocol da @nufflelabs. ğŸ—ï¸ Infraestrutura da @eigenlayer.",https://x.com/Wormhole_BR/status/1874470650058031592,7,0,1,0,0,0,1,0,0,0,0,0,0
1874470646597718244,Wed Jan 01 2025,"ğŸ¬ Imagina vocÃª fazendo stake de qualquer ativo, em qualquer chain, sem ter que cruzar pontes complicadas. Agora Ã© real! ğŸŒŒ A @wormhole e a @nufflelabs estÃ£o lanÃ§ando o ""native multichain restaking"" com a @eigenlayer como primeira implementaÃ§Ã£o. ğŸŒŸ Staking na EigenLayer ğŸš€ https://t.co/AL7Fmy0IC0",https://x.com/Wormhole_BR/status/1874470646597718244,118,6,18,0,0,0,2,2,1,6,0,0,0
1874279758705680748,Tue Dec 31 2024,"#GN #GN ! Quem mais tÃ¡ comigo aqui? Vem muita coisa boa nesse ano de 2025 aqui pro #Brasil! Fiquem de olhos abertos! #gn #NewYear2025 https://t.co/6nO7WLgc0O",https://x.com/Wormhole_BR/status/1874279758705680748,50,4,9,0,1,0,2,2,1,0,0,0,0
1874225840864756221,Tue Dec 31 2024,"@CryptoGravina ContÃ©m com a gente para fazer a #bridge do que precisarem",https://x.com/Wormhole_BR/status/1874225840864756221,5,0,0,0,0,0,0,0,0,0,0,0,0
1874213132585021715,Tue Dec 31 2024,"@BragionEduardo Precisando de uma #bridge chama a gente",https://x.com/Wormhole_BR/status/1874213132585021715,11,1,1,0,0,0,0,0,0,0,0,0,0
1874151700497654062,Tue Dec 31 2024,"@BragionEduardo @nodepay_ai Se precisarem de um #bridge chama agente!!",https://x.com/Wormhole_BR/status/1874151700497654062,16,0,0,0,0,0,0,0,0,0,0,0,0
1874151671682740250,Tue Dec 31 2024,"@Claramente23223 Se precisarem de um #bridge chama agente!!",https://x.com/Wormhole_BR/status/1874151671682740250,3,0,1,0,0,0,0,0,1,0,0,0,0
1874151571787047210,Tue Dec 31 2024,"@alkimimnft Se precisarem de um #bridge chama agente!!",https://x.com/Wormhole_BR/status/1874151571787047210,11,0,0,0,0,0,0,0,0,0,0,0,0
1874151446180225039,Tue Dec 31 2024,"@Coleta_Cripto Se precisarem de um #bridge chama agente!!",https://x.com/Wormhole_BR/status/1874151446180225039,4,0,1,0,0,0,0,0,1,0,0,0,0
1874151327938601361,Tue Dec 31 2024,"@CryptoGravina @base @LiskHQ @ethena_labs @triadfi @KriyaDEX Se precisar fazer um #bridge chama a gente!",https://x.com/Wormhole_BR/status/1874151327938601361,4,0,0,0,0,0,0,0,0,0,0,0,0
1874151207750820043,Tue Dec 31 2024,"@criptomemebr @beicolaprivacy @bctbeicolatoken Se precisarem fazer o #bridge chama a gente!",https://x.com/Wormhole_BR/status/1874151207750820043,6,0,1,0,0,0,0,0,0,1,0,0,0
1874149408457310254,Tue Dec 31 2024,"ğŸ¬ Novidade quente na Ã¡rea: o programa de recompensas da @wormhole $W tÃ¡ ON! ğŸ”¥ Bora de stake e mostrar quem manda na governanÃ§a? ğŸŒŒ DÃ¡ um confere no novo dashboard: $W #stake #token https://t.co/Ofr72HYek6",https://x.com/Wormhole_BR/status/1874149408457310254,629,8,29,0,0,0,0,4,9,2,0,0,0
1874147317391253544,Tue Dec 31 2024,"ğŸ¬ Ãšltimo episÃ³dio de 2024: ainda dÃ¡ tempo de fazer aquela escolha digna de plot twist! ğŸŒŸ VocÃª sabia que vocÃª tem atÃ© HOJE pra fazer stake de $W e entrar em 2025 como protagonista da governanÃ§a? ğŸš€FaÃ§a stake de $W hoje e comece 2025 no spoiler! https://t.co/9z4rpNDkrR ğŸª± https://t.co/MTRO9FsyJ7",https://x.com/Wormhole_BR/status/1874147317391253544,144,3,7,0,0,0,0,0,1,1,2,0,0
1874146454828442034,Tue Dec 31 2024,"Galera chegueia gora aqui no #Brasil... O que Ã© descer pra #BC ?",https://x.com/Wormhole_BR/status/1874146454828442034,50,4,5,0,0,0,0,0,0,1,0,0,0
1874078422043127856,Tue Dec 31 2024,"AlÃ´ AlÃ´ CÃ¢mbio? Algum BR aqui?",https://x.com/Wormhole_BR/status/1874078422043127856,174,13,32,0,2,0,9,1,2,7,0,0,0
